{
  "name": "monday",
  "description": "monday",
  "triggers": [],
  "actions": [
    "/v1/fetchboardviews",
    "/v1/fetchboard",
    "/v1/fetchboardcontents",
    "/v1/fetchcolumnvalues",
    "/v1/fetchgroupdetails",
    "/v1/fetchitem",
    "/v1/fetchitembycolumnvalues",
    "/v1/fetchupdatesonboard",
    "/v1/fetchactivitiesonboard",
    "/v1/fetchitems"
  ],
  "version": 1,
  "auth_type": "apikey",
  "doc_link": "http://docs.example.com",
  "appId": "d8d06bac-d13f-4924-9046-6d2bd73b2797",
  "guid": "3d89fc80-510f-46f2-a0f3-469e360d50e3",
  "connectionUid": "monday_1606375733184"
}